"Status","Start Time","Stop Time","Duration in ms","Parent Suite","Suite","Sub Suite","Test Class","Test Method","Name","Description"
"passed","Fri Oct 09 17:07:34 UTC 2026","Fri Oct 09 17:07:49 UTC 2026","14574","","OrangeHRM UI","","PimEmployeeTests","SearchEmployee_ShouldFindCreatedEmployee","SearchEmployee_ShouldFindCreatedEmployee",""
"passed","Fri Oct 09 17:07:23 UTC 2026","Fri Oct 09 17:07:34 UTC 2026","11634","","OrangeHRM UI","","PimEmployeeTests","AddEmployee_ShouldCreateEmployeeProfile","AddEmployee_ShouldCreateEmployeeProfile",""
"passed","Fri Oct 09 17:06:26 UTC 2026","Fri Oct 09 17:06:26 UTC 2026","281","OrangeHRM.Tests","OrangeHRM.Tests.Api","BookingFilterApiTests","BookingFilterApiTests","GetAllBookings_ShouldReturnNonEmptyList","GetAllBookings_ShouldReturnNonEmptyList","GET /booking should return a non-empty list of booking IDs."
"passed","Fri Oct 09 17:07:17 UTC 2026","Fri Oct 09 17:07:23 UTC 2026","5828","","OrangeHRM UI","","LeaveTests","LeaveList_ShouldExposeSearchFilters","LeaveList_ShouldExposeSearchFilters",""
"passed","Fri Oct 09 17:06:51 UTC 2026","Fri Oct 09 17:06:59 UTC 2026","7270","","OrangeHRM UI","","AdminUserTests","SaveBlankUser_ShouldShowRequiredValidationMessages","SaveBlankUser_ShouldShowRequiredValidationMessages",""
"passed","Fri Oct 09 17:08:06 UTC 2026","Fri Oct 09 17:08:12 UTC 2026","6354","","OrangeHRM UI","","PimSearchFilterTests","SearchByNonsenseName_ShouldShowNoRecordsFound","SearchByNonsenseName_ShouldShowNoRecordsFound","A search for a nonsense employee name should show the 'No Records Found' empty state."
"passed","Fri Oct 09 17:06:14 UTC 2026","Fri Oct 09 17:06:32 UTC 2026","17856","","OrangeHRM UI","","AdminUserRoleTests","FilterByAdminRole_ShouldReturnResults","FilterByAdminRole_ShouldReturnResults","Filtering System Users by the Admin role should return at least one result (the built-in Admin account)."
"passed","Fri Oct 09 17:07:58 UTC 2026","Fri Oct 09 17:08:06 UTC 2026","7340","","OrangeHRM UI","","PimSearchFilterTests","SearchByEmployeeId_ShouldShowAtMostOneResult","SearchByEmployeeId_ShouldShowAtMostOneResult","A search by Employee ID should list only the matching employee record."
"passed","Fri Oct 09 17:06:26 UTC 2026","Fri Oct 09 17:06:26 UTC 2026","376","OrangeHRM.Tests","OrangeHRM.Tests.Api","BookingFilterApiTests","BookingFilterApiTests","GetBookingsByFirstName_ShouldReturnFilteredResults","GetBookingsByFirstName_ShouldReturnFilteredResults","GET /booking?firstname=X should return only bookings with that first name."
"passed","Fri Oct 09 17:06:26 UTC 2026","Fri Oct 09 17:06:26 UTC 2026","237","OrangeHRM.Tests","OrangeHRM.Tests.Api","BookingFilterApiTests","BookingFilterApiTests","GetBookingsByFullName_ShouldBeMoreSpecificThanFirstNameAlone","GetBookingsByFullName_ShouldBeMoreSpecificThanFirstNameAlone","GET /booking?firstname=X&lastname=Y should narrow results further than firstname alone."
"passed","Fri Oct 09 17:06:59 UTC 2026","Fri Oct 09 17:07:05 UTC 2026","6512","","OrangeHRM UI","","AdminUserTests","SearchAdminUser_ShouldShowAdminInResults","SearchAdminUser_ShouldShowAdminInResults",""
"passed","Fri Oct 09 17:06:26 UTC 2026","Fri Oct 09 17:06:27 UTC 2026","196","OrangeHRM.Tests","OrangeHRM.Tests.Api","BookingFilterApiTests","BookingFilterApiTests","GetBookingsByNonsenseName_ShouldReturnNoResults","GetBookingsByNonsenseName_ShouldReturnNoResults","GET /booking?firstname=Unknown should return an empty or minimal list for a nonsense name."
"passed","Fri Oct 09 17:06:25 UTC 2026","Fri Oct 09 17:06:25 UTC 2026","704","OrangeHRM.Tests","OrangeHRM.Tests.Api","BookingApiTests","BookingApiTests","BookingCrud_ShouldCreateReadUpdatePatchAndDeleteBooking","BookingCrud_ShouldCreateReadUpdatePatchAndDeleteBooking",""
"passed","Fri Oct 09 17:06:32 UTC 2026","Fri Oct 09 17:06:42 UTC 2026","9819","","OrangeHRM UI","","AdminUserRoleTests","FilterByEssRole_ShouldReturnFewerOrEqualResultsThanTotal","FilterByEssRole_ShouldReturnFewerOrEqualResultsThanTotal","Filtering System Users by the ESS role should return fewer or equal results compared to the unfiltered list."
"passed","Fri Oct 09 17:06:25 UTC 2026","Fri Oct 09 17:06:26 UTC 2026","198","OrangeHRM.Tests","OrangeHRM.Tests.Api","BookingApiTests","BookingApiTests","GetMissingBooking_ShouldReturnNotFound","GetMissingBooking_ShouldReturnNotFound",""
"passed","Fri Oct 09 17:07:49 UTC 2026","Fri Oct 09 17:07:58 UTC 2026","9425","","OrangeHRM UI","","PimSearchFilterTests","ResetFilter_ShouldRestoreAllRecords","ResetFilter_ShouldRestoreAllRecords","Resetting the search filter should restore all employee records."
"passed","Fri Oct 09 17:07:11 UTC 2026","Fri Oct 09 17:07:17 UTC 2026","5865","","OrangeHRM UI","","LeaveNavigationTests","NavigateToLeave_ShouldShowLeaveListHeader","NavigateToLeave_ShouldShowLeaveListHeader","Navigating to the Leave module via the sidebar should display the Leave List page header."
"passed","Fri Oct 09 17:07:05 UTC 2026","Fri Oct 09 17:07:11 UTC 2026","5795","","OrangeHRM UI","","LeaveNavigationTests","LeaveList_ShouldHaveSearchFilters","LeaveList_ShouldHaveSearchFilters","The Leave List page should show a Search button indicating filter controls are present."
"passed","Fri Oct 09 17:06:42 UTC 2026","Fri Oct 09 17:06:51 UTC 2026","9428","","OrangeHRM UI","","AdminUserRoleTests","ResetRoleFilter_ShouldRestoreAllUsers","ResetRoleFilter_ShouldRestoreAllUsers","After filtering, resetting the form should show all users regardless of role."
"passed","Fri Oct 09 17:08:12 UTC 2026","Fri Oct 09 17:08:18 UTC 2026","5635","","OrangeHRM UI","","RecruitmentTests","CandidateList_ShouldExposeSearchFilters","CandidateList_ShouldExposeSearchFilters",""
